<xml>
    <HandSetDriverVersion>
        <DriverVersion>1.02.03.00</DriverVersion>
        <ConfigVersion>1.0.0.0</ConfigVersion>        
    </HandSetDriverVersion>

    <install>
        <system version="WinXp">
        
            <inf>
                 <file desc="SWITCH">
                 		<name>hw_usbdev.inf</name>
                 		<flag>0</flag>                 
                 </file>
                 <file desc="SERIAL">
                 		<name>hw_quser.inf</name>                   		
                 		<flag>0</flag>                 
                 </file>        
                 <file desc="MODEM">
                 		<name>hw_qumdm.inf</name>                  		
                 		<flag>0</flag>                 
                 </file>      
                 <file desc="GOADB">
                 		<name>hw_goadb.inf</name>                  		
                 		<flag>0</flag>                 
                 </file>      
                 <file desc="RNDIS">
                 		<name>WceIS.inf</name>                     		
                 		<flag>0</flag>                 
                 </file>                            
                 <file desc="MTP">
                 		<name>mtp.inf</name>                     		
                 		<flag>0</flag>                 
                 </file>                            
            </inf>
            
            <sys>
                 <file desc="SWITCH">
                 		<name>hw_usbdev.sys</name>  
                 	  <path>\system32\drivers</path>                    		
                 	  <delete>1</delete>                       		          		
                 		<flag>0</flag>                 
                 </file>
                 <file desc="SERIAL">
                 		<name>hw_quusbmdm.sys</name> 
                 	  <path>\system32\drivers</path>      
                  	<delete>1</delete>                   	                		               		
                 		<flag>0</flag>                 
                 </file>          
            </sys>
            
            <dll>
                 <file desc="COINSTALLER">
	               		<name>WdfCoInstaller01007.dll</name>
	                 	<path>\system32\drivers</path>     
										<delete>0</delete>	                 	               		
	               		<flag>0</flag>                 
                 </file>                  
                 <file desc="UDFUPDATE">
	               		<name>WUDFUpdate_01007.dll</name>
	                 	<path>\system32\drivers</path>     
										<delete>0</delete>	                 	               		
	               		<flag>0</flag>                 
                 </file>                  
                 <file desc="USBCOINSTALLER">
	               		<name>WinUSBCoInstaller.dll</name>
	                 	<path>\system32\drivers</path>     
										<delete>0</delete>	                 	               		
	               		<flag>0</flag>                 
                 </file>                  
            </dll>      
                              
            <hotfix>
                 <file desc="HOTFIX">
	               		<name>hotfix.7z</name>
										<delete>0</delete>	                 	               		
	               		<flag>0</flag>                 
                 </file>                                   
            </hotfix>      
             <kb>
                 <file desc="KB945436">
	               		<name>kb945436</name>
										<delete>0</delete>	                 	               		
	               		<flag>0</flag>                 
                 </file>                  
                 <file desc="KB959765">
	               		<name>kb959765</name>
										<delete>0</delete>	                 	               		
	               		<flag>0</flag>                 
                 </file>                  
            </kb>      
            <pid>
                 <file desc="SP"><name>vid_12d1&pid_1030</name><delete>1</delete><flag>0</flag></file>                 
                 <file desc="SP"><name>vid_12d1&pid_1031</name><delete>1</delete><flag>0</flag></file>                 
                 <file desc="SP"><name>vid_12d1&pid_1034</name><delete>1</delete><flag>0</flag></file>                 
                 <file desc="SP"><name>vid_12d1&pid_1035</name><delete>1</delete><flag>0</flag></file>                 
                 <file desc="SP"><name>vid_12d1&pid_1038</name><delete>1</delete><flag>0</flag></file>                 

                 <file desc="TI"><name>vid_12d1&pid_1051</name><delete>1</delete><flag>0</flag></file>                 
                 <file desc="TI"><name>vid_12d1&pid_1052</name><delete>1</delete><flag>0</flag></file>                 
                 <file desc="TI"><name>vid_12d1&pid_1054</name><delete>1</delete><flag>0</flag></file>                 
                 <file desc="TI"><name>vid_12d1&pid_1055</name><delete>1</delete><flag>0</flag></file>                 
                 <file desc="TI"><name>vid_12d1&pid_1056</name><delete>1</delete><flag>0</flag></file>                 

                 <file desc="FP"><name>vid_12d1&pid_1802</name><delete>1</delete><flag>0</flag></file>                 
                 <file desc="FP"><name>vid_12d1&pid_1803</name><delete>1</delete><flag>0</flag></file>                 
                 <file desc="FP"><name>vid_12d1&pid_1804</name><delete>1</delete><flag>0</flag></file>                 
                 <file desc="FP"><name>vid_12d1&pid_1805</name><delete>1</delete><flag>0</flag></file>
                                  
                 <file desc="FWT"><name>vid_12d1&pid_1010</name><delete>1</delete><flag>0</flag></file>                 
                 <file desc="FWT"><name>vid_12d1&pid_1011</name><delete>1</delete><flag>0</flag></file>                 
                 <file desc="FWT"><name>vid_12d1&pid_101d</name><delete>1</delete><flag>0</flag></file>                 
                 <file desc="FWT"><name>vid_12d1&pid_101e</name><delete>1</delete><flag>0</flag></file>
                                  
                 <file desc="HID"><name>vid_12d1&pid_3610</name><delete>1</delete><flag>0</flag></file>                 
                 <file desc="HID"><name>vid_12d1&pid_3613</name><delete>1</delete><flag>0</flag></file>                 
                 <file desc="HID"><name>vid_12d1&pid_3614</name><delete>1</delete><flag>0</flag></file>                 
                 <file desc="HID"><name>vid_12d1&pid_3617</name><delete>1</delete><flag>0</flag></file>                 
                 <file desc="HID"><name>vid_12d1&pid_3618</name><delete>1</delete><flag>0</flag></file>                 
                 <file desc="HID"><name>vid_12d1&pid_3619</name><delete>1</delete><flag>0</flag></file>                 
                 <file desc="HID"><name>vid_12d1&pid_3629</name><delete>1</delete><flag>0</flag></file>                 
                 <file desc="HID"><name>vid_12d1&pid_360a</name><delete>1</delete><flag>0</flag></file>                 
                 <file desc="HID"><name>vid_12d1&pid_360e</name><delete>1</delete><flag>0</flag></file>                 
                 <file desc="HID"><name>vid_12d1&pid_360f</name><delete>1</delete><flag>0</flag></file> 
                 <file desc="HID"><name>vid_12d1&pid_361f</name><delete>1</delete><flag>0</flag></file> 
            </pid>      
             
				    <parameter>
		    
				    </parameter>   
				            
        </system>

    		<system version="WinVista">
    		
            <inf>
                 <file desc="SWITCH">
                 		<name>hw_usbdev.inf</name>
                 		<flag>0</flag>                 
                 </file>
                 <file desc="SERIAL">
                 		<name>hw_quser.inf</name>                   		
                 		<flag>0</flag>                 
                 </file>        
                 <file desc="MODEM">
                 		<name>hw_qumdm.inf</name>                  		
                 		<flag>0</flag>                 
                 </file>      
                 <file desc="GOADB">
                 		<name>hw_goadb.inf</name>                  		
                 		<flag>0</flag>                 
                 </file>      
            </inf>
            
            <sys>
                 <file desc="SWITCH">
                 		<name>hw_usbdev.sys</name>
                 	  <path>\system32\drivers</path>    
										<delete>1</delete>                  	             		
                 		<flag>0</flag>                 
                 </file>
                 <file desc="SERIAL">
                 		<name>hw_quusbmdm.sys</name> 
                 	  <path>\system32\drivers</path>                    		               		
										<delete>1</delete>                  	             		
                 		<flag>0</flag>                   
                 </file>          
            </sys>
            
            <dll>
                 <file desc="COINSTALLER">
	               		<name>WdfCoInstaller01007.dll</name>
	                 	<path>\system32\drivers</path>     
										<delete>0</delete> 	                 	               		
	               		<flag>0</flag>               
                 </file> 
                 <file desc="UDFUPDATE">
	               		<name>WUDFUpdate_01007.dll</name>
	                 	<path>\system32\drivers</path>     
										<delete>0</delete>	                 	               		
	               		<flag>0</flag>                 
                 </file>                  
                 <file desc="USBCOINSTALLER">
	               		<name>WinUSBCoInstaller.dll</name>
	                 	<path>\system32\drivers</path>     
										<delete>0</delete>	                 	               		
	               		<flag>0</flag>                 
                 </file>                  
            </dll>      
            <pid>
                 <file desc="SP"><name>vid_12d1&pid_1030</name><delete>1</delete><flag>0</flag></file>                 
                 <file desc="SP"><name>vid_12d1&pid_1031</name><delete>1</delete><flag>0</flag></file>                 
                 <file desc="SP"><name>vid_12d1&pid_1034</name><delete>1</delete><flag>0</flag></file>                 
                 <file desc="SP"><name>vid_12d1&pid_1035</name><delete>1</delete><flag>0</flag></file>                 
                 <file desc="SP"><name>vid_12d1&pid_1038</name><delete>1</delete><flag>0</flag></file>                 

                 <file desc="TI"><name>vid_12d1&pid_1051</name><delete>1</delete><flag>0</flag></file>                 
                 <file desc="TI"><name>vid_12d1&pid_1052</name><delete>1</delete><flag>0</flag></file>                 
                 <file desc="TI"><name>vid_12d1&pid_1054</name><delete>1</delete><flag>0</flag></file>                 
                 <file desc="TI"><name>vid_12d1&pid_1055</name><delete>1</delete><flag>0</flag></file>                 
                 <file desc="TI"><name>vid_12d1&pid_1056</name><delete>1</delete><flag>0</flag></file>                 

                 <file desc="FP"><name>vid_12d1&pid_1802</name><delete>1</delete><flag>0</flag></file>                 
                 <file desc="FP"><name>vid_12d1&pid_1803</name><delete>1</delete><flag>0</flag></file>                 
                 <file desc="FP"><name>vid_12d1&pid_1804</name><delete>1</delete><flag>0</flag></file>                 
                 <file desc="FP"><name>vid_12d1&pid_1805</name><delete>1</delete><flag>0</flag></file>
                                  
                 <file desc="FWT"><name>vid_12d1&pid_1010</name><delete>1</delete><flag>0</flag></file>                 
                 <file desc="FWT"><name>vid_12d1&pid_1011</name><delete>1</delete><flag>0</flag></file>                 
                 <file desc="FWT"><name>vid_12d1&pid_101d</name><delete>1</delete><flag>0</flag></file>                 
                 <file desc="FWT"><name>vid_12d1&pid_101e</name><delete>1</delete><flag>0</flag></file>
                                  
                 <file desc="HID"><name>vid_12d1&pid_3610</name><delete>1</delete><flag>0</flag></file>                 
                 <file desc="HID"><name>vid_12d1&pid_3613</name><delete>1</delete><flag>0</flag></file>                 
                 <file desc="HID"><name>vid_12d1&pid_3614</name><delete>1</delete><flag>0</flag></file>                 
                 <file desc="HID"><name>vid_12d1&pid_3617</name><delete>1</delete><flag>0</flag></file>                 
                 <file desc="HID"><name>vid_12d1&pid_3618</name><delete>1</delete><flag>0</flag></file>                 
                 <file desc="HID"><name>vid_12d1&pid_3619</name><delete>1</delete><flag>0</flag></file>                 
                 <file desc="HID"><name>vid_12d1&pid_3629</name><delete>1</delete><flag>0</flag></file>                 
                 <file desc="HID"><name>vid_12d1&pid_360a</name><delete>1</delete><flag>0</flag></file>                 
                 <file desc="HID"><name>vid_12d1&pid_360e</name><delete>1</delete><flag>0</flag></file>                 
                 <file desc="HID"><name>vid_12d1&pid_360f</name><delete>1</delete><flag>0</flag></file> 
                 <file desc="HID"><name>vid_12d1&pid_361f</name><delete>1</delete><flag>0</flag></file> 
            </pid>      
                              
				    <parameter>
		    
				    </parameter>    
				           
        </system>

       <system version="Win7">
       
       			<inf>
                 <file desc="SWITCH">
                 		<name>hw_usbdev.inf</name>
                 		<flag>0</flag>                 
                 </file>
                 <file desc="SERIAL">
                 		<name>hw_quser.inf</name>                   		
                 		<flag>0</flag>                 
                 </file>        
                 <file desc="MODEM">
                 		<name>hw_qumdm.inf</name>                  		
                 		<flag>0</flag>                 
                 </file>      
                 <file desc="GOADB">
                 		<name>hw_goadb.inf</name>                  		
                 		<flag>0</flag>                 
                 </file>      
            </inf>
            
            <sys>
                 <file desc="SWITCH">
                 		<name>hw_usbdev.sys</name>
                 	  <path>\system32\drivers</path> 
										<delete>1</delete> 	                  	                   		
                 		<flag>0</flag>                 
                 </file>
                 <file desc="SERIAL">
                 		<name>hw_quusbmdm.sys</name>  
                 	  <path>\system32\drivers</path>   
										<delete>1</delete>                 	                 		              		
                 		<flag>0</flag>                 
                 </file>          
            </sys>
            
            <dll>
                 <file desc="COINSTALLER">
	               		<name>WdfCoInstaller01007.dll</name>
	                 	<path>\system32\drivers</path>      
										<delete>0</delete>	                 	              		
	               		<flag>0</flag>                
                 </file> 
                 <file desc="UDFUPDATE">
	               		<name>WUDFUpdate_01007.dll</name>
	                 	<path>\system32\drivers</path>     
										<delete>0</delete>	                 	               		
	               		<flag>0</flag>                 
                 </file>                  
                 <file desc="USBCOINSTALLER">
	               		<name>WinUSBCoInstaller.dll</name>
	                 	<path>\system32\drivers</path>     
										<delete>0</delete>	                 	               		
	               		<flag>0</flag>                 
                 </file>                  
            </dll>      
                              
            <pid>
                 <file desc="SP"><name>vid_12d1&pid_1030</name><delete>1</delete><flag>0</flag></file>                 
                 <file desc="SP"><name>vid_12d1&pid_1031</name><delete>1</delete><flag>0</flag></file>                 
                 <file desc="SP"><name>vid_12d1&pid_1034</name><delete>1</delete><flag>0</flag></file>                 
                 <file desc="SP"><name>vid_12d1&pid_1035</name><delete>1</delete><flag>0</flag></file>                 
                 <file desc="SP"><name>vid_12d1&pid_1038</name><delete>1</delete><flag>0</flag></file>                 

                 <file desc="TI"><name>vid_12d1&pid_1051</name><delete>1</delete><flag>0</flag></file>                 
                 <file desc="TI"><name>vid_12d1&pid_1052</name><delete>1</delete><flag>0</flag></file>                 
                 <file desc="TI"><name>vid_12d1&pid_1054</name><delete>1</delete><flag>0</flag></file>                 
                 <file desc="TI"><name>vid_12d1&pid_1055</name><delete>1</delete><flag>0</flag></file>                 
                 <file desc="TI"><name>vid_12d1&pid_1056</name><delete>1</delete><flag>0</flag></file>                 

                 <file desc="FP"><name>vid_12d1&pid_1802</name><delete>1</delete><flag>0</flag></file>                 
                 <file desc="FP"><name>vid_12d1&pid_1803</name><delete>1</delete><flag>0</flag></file>                 
                 <file desc="FP"><name>vid_12d1&pid_1804</name><delete>1</delete><flag>0</flag></file>                 
                 <file desc="FP"><name>vid_12d1&pid_1805</name><delete>1</delete><flag>0</flag></file>
                                  
                 <file desc="FWT"><name>vid_12d1&pid_1010</name><delete>1</delete><flag>0</flag></file>                 
                 <file desc="FWT"><name>vid_12d1&pid_1011</name><delete>1</delete><flag>0</flag></file>                 
                 <file desc="FWT"><name>vid_12d1&pid_101d</name><delete>1</delete><flag>0</flag></file>                 
                 <file desc="FWT"><name>vid_12d1&pid_101e</name><delete>1</delete><flag>0</flag></file>
                                  
                 <file desc="HID"><name>vid_12d1&pid_3610</name><delete>1</delete><flag>0</flag></file>                 
                 <file desc="HID"><name>vid_12d1&pid_3613</name><delete>1</delete><flag>0</flag></file>                 
                 <file desc="HID"><name>vid_12d1&pid_3614</name><delete>1</delete><flag>0</flag></file>                 
                 <file desc="HID"><name>vid_12d1&pid_3617</name><delete>1</delete><flag>0</flag></file>                 
                 <file desc="HID"><name>vid_12d1&pid_3618</name><delete>1</delete><flag>0</flag></file>                 
                 <file desc="HID"><name>vid_12d1&pid_3619</name><delete>1</delete><flag>0</flag></file>                 
                 <file desc="HID"><name>vid_12d1&pid_3629</name><delete>1</delete><flag>0</flag></file>                 
                 <file desc="HID"><name>vid_12d1&pid_360a</name><delete>1</delete><flag>0</flag></file>                 
                 <file desc="HID"><name>vid_12d1&pid_360e</name><delete>1</delete><flag>0</flag></file>                 
                 <file desc="HID"><name>vid_12d1&pid_360f</name><delete>1</delete><flag>0</flag></file> 
                 <file desc="HID"><name>vid_12d1&pid_361f</name><delete>1</delete><flag>0</flag></file> 
            </pid>      
				    <parameter>	 
				    </parameter>      
        </system>

    </install> 
              
</xml>
