<driver>
	<driverinfo name="DriverSetup.exe" driverfolder="all">
		<cdrom path="drivers/adb_driver/">
			<copy folder="Driver/"/>
			<copy folder="hotfix/"/>
			<copy file="7z.dll"/>
			<copy file="7z.exe"/>
			<copy file="devsetup32.exe"/>
			<copy file="devsetup64.exe"/>
			<copy file="DriverSetup.exe"/>
			<copy file="DriverUninstall.exe"/>
			<copy file="extractDirver.bat"/>
			<copy file="extractHotfix.bat"/>
			<copy file="LocateDevice.dll"/>
		</cdrom>
		<vidinfo vid="12d1" manufactory="IDS_CORE_MANUFACTORY_HUAWEI">
		    <pidinfo pid="1030"/>
			<pidinfo pid="1031"/>
			<pidinfo pid="1034"/>
			<pidinfo pid="1035"/>
			<pidinfo pid="1037"/>
			<pidinfo pid="1038"/>
			<pidinfo pid="1050"/>
			<pidinfo pid="1051"/>
			<pidinfo pid="1052"/>
			<pidinfo pid="1054"/>
			<pidinfo pid="1055"/>
			<pidinfo pid="1056"/>
			<pidinfo pid="1501"/>
			<pidinfo pid="1502"/>
			<pidinfo pid="3610"/>
			<pidinfo pid="3613"/>
			<pidinfo pid="3614"/>
			<pidinfo pid="3616"/>
			<pidinfo pid="3617"/>
			<pidinfo pid="3618"/>
			<pidinfo pid="3619"/>
			<pidinfo pid="3629"/>
			<pidinfo pid="360A"/>
			<pidinfo pid="360E"/>
			<pidinfo pid="361E"/>
			<pidinfo pid="360F"/>
			<pidinfo pid="361F"/>
		</vidinfo>
	</driverinfo>
</driver>
